{
  "accuracy": [
    0.9096947575136614,
    0.0061206142258939805
  ],
  "precision_macro": [
    0.9271662435620419,
    0.0066418621397813715
  ],
  "recall_macro": [
    0.798186825312895,
    0.014938119222847015
  ],
  "f1_macro": [
    0.8421287389826153,
    0.012928984886415838
  ],
  "precision_micro": [
    0.9096947575136614,
    0.0061206142258939805
  ],
  "recall_micro": [
    0.9096947575136614,
    0.0061206142258939805
  ],
  "f1_micro": [
    0.9096947575136614,
    0.0061206142258939805
  ],
  "precision_weighted": [
    0.9134442584618817,
    0.005591236462321454
  ],
  "recall_weighted": [
    0.9096947575136614,
    0.0061206142258939805
  ],
  "f1_weighted": [
    0.9016759676032846,
    0.007477697869862464
  ],
  "precision_per_class": {
    "0": [
      0.9033680884221896,
      0.006712547677694447
    ],
    "1": [
      0.9509643987018943,
      0.012367182689212369
    ]
  },
  "recall_per_class": {
    "0": [
      0.9915766026553101,
      0.00243789586790461
    ],
    "1": [
      0.6047970479704797,
      0.030582815682647185
    ]
  },
  "f1_per_class": {
    "0": [
      0.9454023214446003,
      0.0035040043708510125
    ],
    "1": [
      0.7388551565206305,
      0.02239689368512865
    ]
  },
  "roc_auc": [
    0.921301894798771,
    0.010353072833674896
  ],
  "pr_auc": [
    0.8460072611559152,
    0.013865365481988617
  ]
}