{
  "accuracy": [
    0.9630607673250078,
    0.0002526347425285982
  ],
  "precision_macro": [
    0.5859017724101188,
    0.08990594121222677
  ],
  "recall_macro": [
    0.5019794499515353,
    0.0017340149475697565
  ],
  "f1_macro": [
    0.49490141521496006,
    0.0035152024092085176
  ],
  "precision_micro": [
    0.9630607673250078,
    0.0002526347425285982
  ],
  "recall_micro": [
    0.9630607673250078,
    0.0002526347425285982
  ],
  "f1_micro": [
    0.9630607673250078,
    0.0002526347425285982
  ],
  "precision_weighted": [
    0.9357802442038649,
    0.006691684568045643
  ],
  "recall_weighted": [
    0.9630607673250078,
    0.0002526347425285982
  ],
  "f1_weighted": [
    0.9455163990489343,
    0.0002930378538431829
  ],
  "precision_per_class": {
    "0": [
      0.20833333333333331,
      0.1796988221070652
    ],
    "1": [
      0.9634702114869043,
      0.00013023233852527642
    ]
  },
  "recall_per_class": {
    "0": [
      0.004406397595534564,
      0.003597841931246318
    ],
    "1": [
      0.9995525023075359,
      0.0002563525178443105
    ]
  },
  "f1_per_class": {
    "0": [
      0.008623110762084135,
      0.007041101654852565
    ],
    "1": [
      0.9811797196678361,
      0.00013136895379419614
    ]
  },
  "roc_auc": [
    0.7816915631595075,
    0.016500010659323227
  ],
  "pr_auc": [
    0.9869069221801612,
    0.001379029869193172
  ]
}