{
    "accuracy": [
        0.2612295914381689,
        0.0
    ],
    "precision_macro": [
        0.5817948632012999,
        0.0
    ],
    "recall_macro": [
        0.5258810689880756,
        0.0
    ],
    "f1_macro": [
        0.24285830035249645,
        0.0
    ],
    "precision_micro": [
        0.2612295914381689,
        0.0
    ],
    "recall_micro": [
        0.2612295914381689,
        0.0
    ],
    "f1_micro": [
        0.2612295914381689,
        0.0
    ],
    "precision_weighted": [
        0.7899127513958352,
        0.0
    ],
    "recall_weighted": [
        0.2612295914381689,
        0.0
    ],
    "f1_weighted": [
        0.17485504082223138,
        0.0
    ],
    "precision_per_class": {
        "0": [
            0.9427374301675978,
            0.0
        ],
        "1": [
            0.22085229623500208,
            0.0
        ]
    },
    "recall_per_class": {
        "0": [
            0.06689128926766426,
            0.0
        ],
        "1": [
            0.9848708487084871,
            0.0
        ]
    },
    "f1_per_class": {
        "0": [
            0.12491903395947071,
            0.0
        ],
        "1": [
            0.36079756674552216,
            0.0
        ]
    },
    "roc_auc": [
        0.8089193139478714,
        0.0
    ],
    "pr_auc": [
        0.6626006517418199,
        0.0
    ]
}