{
    "accuracy": [
        0.522780546948673,
        0.0
    ],
    "precision_macro": [
        0.5182257820951219,
        0.0
    ],
    "recall_macro": [
        0.6289734588099092,
        0.0
    ],
    "f1_macro": [
        0.38876355026214643,
        0.0
    ],
    "precision_micro": [
        0.522780546948673,
        0.0
    ],
    "recall_micro": [
        0.522780546948673,
        0.0
    ],
    "f1_micro": [
        0.522780546948673,
        0.0
    ],
    "precision_weighted": [
        0.947409419377816,
        0.0
    ],
    "recall_weighted": [
        0.522780546948673,
        0.0
    ],
    "f1_weighted": [
        0.6539828705360234,
        0.0
    ],
    "precision_per_class": {
        "0": [
            0.05507482993197279,
            0.0
        ],
        "1": [
            0.9813767342582711,
            0.0
        ]
    },
    "recall_per_class": {
        "0": [
            0.7435709037472447,
            0.0
        ],
        "1": [
            0.5143760138725737,
            0.0
        ]
    },
    "f1_per_class": {
        "0": [
            0.10255370895824889,
            0.0
        ],
        "1": [
            0.674973391566044,
            0.0
        ]
    },
    "roc_auc": [
        0.6939077882059368,
        0.0
    ],
    "pr_auc": [
        0.981406775705404,
        0.0
    ]
}